{
  "tests": [
    {
      "name": "Area calculation works",
      "setup": "",
      "run": "python test/test_area.py",
      "input": "",
      "output": "",
      "comparison": "included",
      "timeout": 10,
      "points": null
    },
    {
      "name": "Area calculation works with bad input",
      "setup": "",
      "run": "python test/test_area_bad_input.py",
      "input": "",
      "output": "",
      "comparison": "included",
      "timeout": 10,
      "points": null
    },
    {
      "name": "is_power() works",
      "setup": "",
      "run": "python test/test_is_power.py",
      "input": "",
      "output": "",
      "comparison": "included",
      "timeout": 10,
      "points": null
    },
    {
      "name": "is_power() guardian pattern catches non-integer input",
      "setup": "",
      "run": "python test/test_is_power_error.py",
      "input": "",
      "output": "",
      "comparison": "included",
      "timeout": 10,
      "points": null
    }
  ]
}