{
  "tests": [
    {
      "name": "Should follow the assignment script, recursive implementation",
      "setup": "",
      "run": "python test/test_recursive.py",
      "input": "",
      "output": "",
      "comparison": "included",
      "timeout": 10,
      "points": null
    },
    {
      "name": "Should follow the assignment script, iterative implementation",
      "setup": "",
      "run": "python test/test_iterative.py",
      "input": "",
      "output": "",
      "comparison": "included",
      "timeout": 10,
      "points": null
    }
  ]
}